{
    "autos": [
        0.774621212121212,
        0.8610248447204969,
        0.8432867938842203,
        0.8770591250854409,
        0.7825322210995835
    ],
    "balance": [
        0.7680557649705981,
        0.7593613933236575,
        0.8267301587301588,
        0.8201456371625864,
        0.8105516158360195
    ],
    "contraceptive": [
        0.5591666688162307,
        0.5314612722815623,
        0.48951242970713976,
        0.4650910091879002,
        0.5124043406406205
    ],
    "dermatology": [
        0.914756025867137,
        0.9591903609598711,
        0.9581221137271447,
        0.9442806711067439,
        0.985826538176427
    ],
    "ecoli": [
        0.8600725744843392,
        0.8842152872003618,
        0.870169523614949,
        0.9004199674310971,
        0.8754133966366814
    ],
    "glass": [
        0.7176180408738548,
        0.7303559311578559,
        0.690928413921662,
        0.583231035031485,
        0.6791096515234446
    ],
    "hayes-roth": [
        0.9248971193415637,
        0.8148148148148148,
        0.7692307692307693,
        0.8445998445998446,
        0.7668997668997668
    ],
    "lymphography": [
        0.6911111111111111,
        0.7313131313131314,
        0.9338141025641026,
        0.8620689655172413,
        0.8652873563218391
    ],
    "new-thyroid": [
        0.8202522511688037,
        0.9323246717807222,
        0.9534883720930233,
        0.9281210592686001,
        0.9774415572602408
    ],
    "pageblocks": [
        0.9318641916547675,
        0.9341958041958041,
        0.9292642924086223,
        0.9533274344525684,
        0.913251164217395
    ],
    "penbased": [
        0.9001218891486866,
        0.9321647258679399,
        0.8761022279237396,
        0.8999387270388225,
        0.8908722295168959
    ],
    "shuttle": [
        1.0,
        0.9965601141035322,
        0.9980756488923458,
        0.9956339368442141,
        0.9976943180706159
    ],
    "thyroid": [
        0.9808860806680085,
        0.9818887544648001,
        1.0,
        0.9868301066217734,
        0.9808869774324825
    ],
    "wine": [
        0.9722633744855966,
        0.9444444444444444,
        1.0,
        0.9710808461315561,
        0.7984150781751981
    ],
    "yeast": [
        0.5578378866724576,
        0.525837698272248,
        0.5261369418886304,
        0.5348480839192914,
        0.5414982776432055
    ]
}