{
    "abalone19": [
        0.4927623642943305,
        0.49155609167671893,
        0.4945652173913043,
        0.4963768115942029,
        0.4945652173913043
    ],
    "abalone9-18": [
        0.9927536231884059,
        0.6966747769667476,
        0.5335144927536232,
        0.6693840579710144,
        0.6557177615571776
    ],
    "ecoli-0-1-3-7_vs_2-6": [
        0.9818181818181818,
        0.7407407407407408,
        0.5,
        0.9909090909090909,
        0.9909090909090909
    ],
    "ecoli-0_vs_1": [
        0.9827586206896552,
        0.9666666666666667,
        0.9666666666666667,
        0.9464285714285714,
        1.0
    ],
    "ecoli1": [
        0.7740384615384616,
        0.8474264705882353,
        0.8903846153846153,
        0.8282051282051283,
        0.7948717948717948
    ],
    "ecoli2": [
        0.75518341307815,
        0.7824675324675324,
        0.8736842105263158,
        0.8473684210526317,
        0.8736842105263158
    ],
    "ecoli3": [
        0.8079625292740048,
        0.6178571428571428,
        0.8071428571428572,
        0.7773809523809523,
        0.6892857142857143
    ],
    "ecoli4": [
        0.859375,
        0.6170634920634921,
        0.9841269841269842,
        0.9841269841269842,
        0.8511904761904762
    ],
    "glass-0-1-2-3_vs_4-5-6": [
        0.953125,
        0.95,
        0.9196969696969697,
        0.8848484848484849,
        0.884375
    ],
    "glass-0-1-6_vs_2": [
        0.4714285714285714,
        0.5964285714285714,
        0.44285714285714284,
        0.7761904761904761,
        0.4714285714285714
    ],
    "glass-0-1-6_vs_5": [
        0.9571428571428571,
        0.7357142857142857,
        1.0,
        0.7357142857142857,
        1.0
    ],
    "glass0": [
        0.8251231527093597,
        0.7697044334975369,
        0.7352216748768472,
        0.8423645320197045,
        0.7142857142857142
    ],
    "glass1": [
        0.7199074074074074,
        0.7107142857142857,
        0.7642857142857143,
        0.7416666666666667,
        0.674074074074074
    ],
    "glass2": [
        0.41025641025641024,
        0.75,
        0.475,
        0.6041666666666666,
        0.6153846153846154
    ],
    "glass4": [
        0.6291666666666667,
        0.6666666666666666,
        1.0,
        0.75,
        0.9625
    ],
    "glass5": [
        1.0,
        0.5,
        1.0,
        0.9878048780487805,
        1.0
    ],
    "glass6": [
        0.8198198198198198,
        0.8198198198198198,
        0.8761261261261262,
        0.7364864864864866,
        0.8594594594594595
    ],
    "haberman": [
        0.565359477124183,
        0.5541666666666667,
        0.5763888888888888,
        0.44027777777777777,
        0.5784722222222223
    ],
    "iris0": [
        1.0,
        1.0,
        1.0,
        1.0,
        1.0
    ],
    "new-thyroid1": [
        1.0,
        0.986111111111111,
        1.0,
        0.7857142857142857,
        0.9285714285714286
    ],
    "new-thyroid2": [
        0.9146825396825397,
        1.0,
        0.9146825396825397,
        0.8432539682539683,
        0.9146825396825397
    ],
    "page-blocks-1-3_vs_4": [
        1.0,
        0.9887640449438202,
        1.0,
        1.0,
        0.9887640449438202
    ],
    "page-blocks0": [
        0.9039883374509519,
        0.893647362301991,
        0.9075410968868198,
        0.8995126563863834,
        0.946307955972249
    ],
    "pima": [
        0.6492592592592593,
        0.6648148148148149,
        0.692037037037037,
        0.6364150943396226,
        0.7401886792452832
    ],
    "segment0": [
        0.9898989898989898,
        0.9898989898989898,
        0.9835858585858587,
        0.9897824397824398,
        0.9760069044879172
    ],
    "shuttle-c0-vs-c4": [
        1.0,
        1.0,
        1.0,
        1.0,
        1.0
    ],
    "shuttle-c2-vs-c4": [
        1.0,
        1.0,
        1.0,
        1.0,
        1.0
    ],
    "vehicle0": [
        0.9528846153846156,
        0.9633720930232557,
        0.9508720930232558,
        0.9094961240310078,
        0.8820512820512819
    ],
    "vehicle1": [
        0.6780303030303031,
        0.6693636363636364,
        0.6571613141380583,
        0.6883536360280547,
        0.6571613141380583
    ],
    "vehicle2": [
        0.9312770562770561,
        0.9345454545454546,
        0.9385454545454546,
        0.9761904761904762,
        0.9489664082687338
    ],
    "vehicle3": [
        0.6573887566379784,
        0.6180324843115541,
        0.6477315335583053,
        0.6555118110236221,
        0.600018747656543
    ],
    "vowel0": [
        0.9416666666666667,
        0.9444444444444444,
        0.9972222222222222,
        0.8333333333333333,
        0.9666356300434513
    ],
    "wisconsin": [
        0.9102294007490636,
        0.8941947565543072,
        0.9254447565543071,
        0.9456131962706191,
        0.9782196969696969
    ],
    "yeast-0-5-6-7-9_vs_4": [
        0.7411483253588517,
        0.71875,
        0.7979166666666667,
        0.5342105263157895,
        0.5026315789473685
    ],
    "yeast-1-2-8-9_vs_7": [
        0.5697463768115942,
        0.7952898550724637,
        0.5614754098360656,
        0.5751366120218578,
        0.6502732240437158
    ],
    "yeast-1-4-5-8_vs_7": [
        0.5457393483709273,
        0.568295739348371,
        0.6328320802005012,
        0.4810606060606061,
        0.46590909090909094
    ],
    "yeast-1_vs_7": [
        0.6375968992248062,
        0.625968992248062,
        0.7151162790697675,
        0.6375968992248062,
        0.7029411764705883
    ],
    "yeast-2_vs_4": [
        0.858201581027668,
        0.728494623655914,
        0.867741935483871,
        0.9284946236559141,
        0.8891304347826087
    ],
    "yeast-2_vs_8": [
        0.739247311827957,
        0.6196236559139785,
        0.7445652173913043,
        0.858695652173913,
        0.608695652173913
    ],
    "yeast1": [
        0.6765402843601896,
        0.670285462360851,
        0.642924060398986,
        0.6853576545795216,
        0.6487594089768609
    ],
    "yeast3": [
        0.8636363636363636,
        0.840909090909091,
        0.7973484848484849,
        0.7486438679245283,
        0.8404356060606062
    ],
    "yeast4": [
        0.5821678321678322,
        0.6290940766550523,
        0.6395470383275261,
        0.5860627177700348,
        0.6825174825174825
    ],
    "yeast5": [
        0.8836805555555556,
        0.829861111111111,
        0.828125,
        0.9322916666666666,
        0.7465277777777779
    ],
    "yeast6": [
        0.7770935960591132,
        0.6342364532019704,
        0.8519704433497537,
        0.6987684729064041,
        0.7039050914483441
    ]
}