{"abalone19": [0.0, 0.05405405405405406, 0.0, 0.05555555555555555, 0.11764705882352941], "abalone9-18": [0.8571428571428571, 0.41379310344827586, 0.3157894736842105, 0.3076923076923077, 0.45161290322580644], "ecoli-0-1-3-7_vs_2-6": [0.4444444444444444, 0.4, 0.0, 0.6666666666666666, 0.2222222222222222], "ecoli-0_vs_1": [0.9824561403508771, 0.9655172413793104, 0.9655172413793104, 0.9629629629629629, 1.0], "ecoli1": [0.7027027027027027, 0.7441860465116279, 0.9090909090909091, 0.7692307692307693, 0.8108108108108109], "ecoli2": [0.75, 0.782608695652174, 0.8181818181818182, 0.6153846153846154, 0.8181818181818182], "ecoli3": [0.5, 0.631578947368421, 0.6086956521739131, 0.7058823529411765, 0.5], "ecoli4": [0.8, 0.3333333333333333, 0.6153846153846154, 0.7272727272727273, 0.75], "glass-0-1-2-3_vs_4-5-6": [0.7857142857142857, 0.9473684210526315, 0.8, 0.9090909090909091, 0.8333333333333334], "glass-0-1-6_vs_2": [0.25, 0.4444444444444444, 0.0, 0.18181818181818182, 0.14285714285714285], "glass-0-1-6_vs_5": [0.8, 0.5714285714285714, 0.8, 0.5, 1.0], "glass0": [0.7586206896551724, 0.6086956521739131, 0.875, 0.7741935483870968, 0.8235294117647058], "glass1": [0.6451612903225806, 0.6428571428571429, 0.8461538461538461, 0.7222222222222222, 0.7407407407407407], "glass2": [0.3333333333333333, 0.4444444444444444, 0.3333333333333333, 0.2857142857142857, 0.0], "glass4": [0.2857142857142857, 0.5, 0.75, 0.6666666666666666, 0.6666666666666666], "glass5": [0.5, 0.5, 1.0, 0.4444444444444444, 1.0], "glass6": [0.8333333333333334, 0.9230769230769231, 0.6666666666666666, 0.8333333333333334, 0.6666666666666666], "haberman": [0.5, 0.2857142857142857, 0.3225806451612903, 0.3125, 0.36363636363636365], "iris0": [1.0, 1.0, 1.0, 1.0, 1.0], "new-thyroid1": [1.0, 1.0, 0.9230769230769231, 0.8, 0.75], "new-thyroid2": [0.9230769230769231, 1.0, 0.8571428571428571, 0.9230769230769231, 0.8571428571428571], "page-blocks-1-3_vs_4": [1.0, 1.0, 1.0, 0.8888888888888888, 0.8333333333333334], "page-blocks0": [0.848, 0.8512396694214877, 0.8286852589641435, 0.7937743190661478, 0.8278688524590164], "pima": [0.6972477064220184, 0.6434782608695652, 0.6371681415929203, 0.5769230769230769, 0.6837606837606838], "segment0": [0.9924812030075187, 0.9848484848484849, 0.9848484848484849, 0.9922480620155039, 0.9538461538461539], "shuttle-c0-vs-c4": [1.0, 1.0, 1.0, 1.0, 1.0], "shuttle-c2-vs-c4": [1.0, 1.0, 1.0, 1.0, 1.0], "vehicle0": [0.8372093023255814, 0.9397590361445783, 0.9382716049382716, 0.8648648648648649, 0.926829268292683], "vehicle1": [0.6373626373626373, 0.6041666666666666, 0.6666666666666666, 0.4367816091954023, 0.6236559139784946], "vehicle2": [0.9213483146067416, 0.9318181818181818, 0.9213483146067416, 0.8514851485148515, 0.9347826086956522], "vehicle3": [0.5365853658536586, 0.5806451612903226, 0.5476190476190477, 0.5063291139240507, 0.6138613861386139], "vowel0": [0.9473684210526315, 0.7804878048780488, 0.9, 0.8571428571428571, 0.9230769230769231], "wisconsin": [0.9473684210526315, 0.94, 0.8936170212765957, 0.9292929292929293, 0.9795918367346939], "yeast-0-5-6-7-9_vs_4": [0.6666666666666666, 0.5925925925925926, 0.47368421052631576, 0.2222222222222222, 0.43478260869565216], "yeast-1-2-8-9_vs_7": [0.13333333333333333, 0.3, 0.21428571428571427, 0.26666666666666666, 0.25], "yeast-1-4-5-8_vs_7": [0.0, 0.125, 0.23529411764705882, 0.14285714285714285, 0.1], "yeast-1_vs_7": [0.47058823529411764, 0.5333333333333333, 0.14285714285714285, 0.2857142857142857, 0.26666666666666666], "yeast-2_vs_4": [0.7692307692307693, 0.7, 0.7272727272727273, 0.75, 0.75], "yeast-2_vs_8": [0.5, 0.6666666666666666, 0.5, 0.5454545454545454, 0.2], "yeast1": [0.6222222222222222, 0.550561797752809, 0.5792349726775956, 0.6229508196721312, 0.6], "yeast3": [0.8055555555555556, 0.7012987012987013, 0.7733333333333333, 0.6666666666666666, 0.7837837837837838], "yeast4": [0.41379310344827586, 0.35294117647058826, 0.36363636363636365, 0.46153846153846156, 0.3125], "yeast5": [0.8181818181818182, 0.6666666666666666, 0.75, 0.6923076923076923, 0.7368421052631579], "yeast6": [0.631578947368421, 0.2222222222222222, 0.5, 0.5384615384615384, 0.3157894736842105]}