{"abalone19": [0.0, 0.0, 0.0, 0.0, 0.0], "abalone9-18": [0.9411764705882353, 0.5555555555555556, 0.2, 0.42857142857142855, 0.5714285714285714], "ecoli-0-1-3-7_vs_2-6": [0.6666666666666666, 0.5, 0.0, 0.6666666666666666, 0.6666666666666666], "ecoli-0_vs_1": [0.9642857142857143, 0.9830508474576272, 0.9830508474576272, 1.0, 1.0], "ecoli1": [0.6451612903225806, 0.7894736842105263, 0.8, 0.7142857142857143, 0.7142857142857143], "ecoli2": [0.5714285714285714, 0.631578947368421, 0.7619047619047619, 0.625, 0.8571428571428571], "ecoli3": [0.7692307692307693, 0.6, 0.5454545454545454, 0.8, 0.631578947368421], "ecoli4": [0.6666666666666666, 0.4, 0.8, 1.0, 0.75], "glass-0-1-2-3_vs_4-5-6": [0.88, 0.8888888888888888, 0.8571428571428571, 0.9, 0.8571428571428571], "glass-0-1-6_vs_2": [0.3333333333333333, 0.25, 0.0, 0.5, 0.0], "glass-0-1-6_vs_5": [0.8, 0.5, 0.8, 0.5, 1.0], "glass0": [0.7857142857142857, 0.7692307692307693, 0.7333333333333333, 0.5, 0.8148148148148148], "glass1": [0.6666666666666666, 0.7096774193548387, 0.7692307692307693, 0.8125, 0.6428571428571429], "glass2": [0.25, 0.3333333333333333, 0.3333333333333333, 0.0, 0.2222222222222222], "glass4": [0.2857142857142857, 0.3333333333333333, 1.0, 0.6666666666666666, 0.5714285714285714], "glass5": [0.5714285714285714, 1.0, 1.0, 0.8, 1.0], "glass6": [0.8, 0.7272727272727273, 0.7692307692307693, 0.8333333333333334, 0.7272727272727273], "haberman": [0.5, 0.23529411764705882, 0.26666666666666666, 0.07407407407407407, 0.2857142857142857], "iris0": [1.0, 1.0, 1.0, 1.0, 1.0], "new-thyroid1": [1.0, 1.0, 0.9230769230769231, 0.8571428571428571, 0.7692307692307693], "new-thyroid2": [0.8571428571428571, 0.9333333333333333, 0.8571428571428571, 0.9230769230769231, 0.9230769230769231], "page-blocks-1-3_vs_4": [1.0, 0.8333333333333334, 1.0, 1.0, 0.8], "page-blocks0": [0.8744186046511628, 0.8634361233480177, 0.8430493273542601, 0.8071748878923767, 0.8837209302325582], "pima": [0.6804123711340206, 0.5523809523809524, 0.6055045871559633, 0.5168539325842697, 0.6170212765957447], "segment0": [0.9774436090225563, 0.9774436090225563, 0.9696969696969697, 0.9846153846153847, 0.9692307692307692], "shuttle-c0-vs-c4": [1.0, 1.0, 1.0, 1.0, 1.0], "shuttle-c2-vs-c4": [1.0, 1.0, 1.0, 1.0, 1.0], "vehicle0": [0.8831168831168831, 0.9487179487179487, 0.9743589743589743, 0.8641975308641975, 0.8947368421052632], "vehicle1": [0.5205479452054794, 0.4810126582278481, 0.6352941176470588, 0.3888888888888889, 0.5365853658536586], "vehicle2": [0.8809523809523809, 0.9534883720930233, 0.8941176470588236, 0.8791208791208791, 0.9213483146067416], "vehicle3": [0.5316455696202531, 0.5333333333333333, 0.463768115942029, 0.45454545454545453, 0.5205479452054794], "vowel0": [0.972972972972973, 0.8387096774193549, 0.9142857142857143, 0.8387096774193549, 0.8571428571428571], "wisconsin": [0.968421052631579, 0.9032258064516129, 0.9032258064516129, 0.9484536082474226, 0.9690721649484536], "yeast-0-5-6-7-9_vs_4": [0.631578947368421, 0.5217391304347826, 0.6666666666666666, 0.23529411764705882, 0.3333333333333333], "yeast-1-2-8-9_vs_7": [0.2222222222222222, 0.46153846153846156, 0.0, 0.2222222222222222, 0.4444444444444444], "yeast-1-4-5-8_vs_7": [0.0, 0.0, 0.0, 0.0, 0.4], "yeast-1_vs_7": [0.3333333333333333, 0.4, 0.2857142857142857, 0.36363636363636365, 0.0], "yeast-2_vs_4": [0.7368421052631579, 0.625, 0.7272727272727273, 0.7619047619047619, 0.782608695652174], "yeast-2_vs_8": [0.6666666666666666, 0.8571428571428571, 0.6666666666666666, 0.6, 0.2857142857142857], "yeast1": [0.5298013245033113, 0.5205479452054794, 0.5341614906832298, 0.5419354838709678, 0.5866666666666667], "yeast3": [0.7457627118644068, 0.7076923076923077, 0.6857142857142857, 0.6333333333333333, 0.7741935483870968], "yeast4": [0.2857142857142857, 0.1, 0.3076923076923077, 0.25, 0.48], "yeast5": [0.7777777777777778, 0.7368421052631579, 0.75, 0.7, 0.6153846153846154], "yeast6": [0.5, 0.42857142857142855, 0.7142857142857143, 0.46153846153846156, 0.46153846153846156]}