{"abalone19": [0.4867310012062726, 0.5652392440691597, 0.483695652173913, 0.554520358868185, 0.5772946859903382], "abalone9-18": [0.9891304347826088, 0.7822384428223843, 0.6585144927536232, 0.6992753623188406, 0.8341443633414436], "ecoli-0-1-3-7_vs_2-6": [0.9545454545454545, 0.7314814814814816, 0.4909090909090909, 0.9909090909090909, 0.9363636363636364], "ecoli-0_vs_1": [0.9827586206896552, 0.9494252873563219, 0.9494252873563219, 0.9642857142857143, 1.0], "ecoli1": [0.829326923076923, 0.892156862745098, 0.9711538461538461, 0.9134615384615384, 0.9326923076923077], "ecoli2": [0.8740031897926636, 0.8823051948051949, 0.9236842105263158, 0.8298245614035088, 0.9236842105263158], "ecoli3": [0.8852459016393442, 0.8785714285714286, 0.9249999999999999, 0.8952380952380953, 0.8369047619047618], "ecoli4": [0.984375, 0.6170634920634921, 0.9603174603174603, 0.9761904761904762, 0.8670634920634921], "glass-0-1-2-3_vs_4-5-6": [0.90625, 0.95, 0.9242424242424243, 0.9696969696969697, 0.9375], "glass-0-1-6_vs_2": [0.5821428571428571, 0.7071428571428572, 0.4, 0.5666666666666667, 0.5238095238095237], "glass-0-1-6_vs_5": [0.9857142857142857, 0.9571428571428571, 0.9857142857142857, 0.7357142857142857, 1.0], "glass0": [0.8238916256157635, 0.7155172413793104, 0.9310344827586207, 0.8423645320197045, 0.8928571428571428], "glass1": [0.7199074074074074, 0.7285714285714286, 0.8666666666666667, 0.7904761904761906, 0.7962962962962963], "glass2": [0.673076923076923, 0.7115384615384616, 0.6416666666666666, 0.6291666666666667, 0.4358974358974359], "glass4": [0.6291666666666667, 0.7958333333333333, 0.975, 0.75, 0.975], "glass5": [0.951219512195122, 0.7378048780487805, 1.0, 0.9390243902439024, 1.0], "glass6": [0.9031531531531533, 0.9864864864864865, 0.8626126126126127, 0.9031531531531533, 0.9324324324324325], "haberman": [0.6535947712418301, 0.5006944444444444, 0.5451388888888888, 0.5340277777777778, 0.5652777777777777], "iris0": [1.0, 1.0, 1.0, 1.0, 1.0], "new-thyroid1": [1.0, 1.0, 0.9285714285714286, 0.9007936507936508, 0.8869047619047619], "new-thyroid2": [0.9285714285714286, 1.0, 0.9146825396825397, 0.9285714285714286, 0.9146825396825397], "page-blocks-1-3_vs_4": [1.0, 1.0, 1.0, 0.9, 0.9887640449438202], "page-blocks0": [0.9569375817468392, 0.9460879595988956, 0.9464649403549608, 0.9334630491707885, 0.9386782509875085], "pima": [0.7668518518518519, 0.7225925925925926, 0.7183333333333333, 0.6780188679245284, 0.7573584905660378], "segment0": [0.9987373737373738, 0.9911616161616161, 0.9911616161616161, 0.9923076923076923, 0.9671653241273495], "shuttle-c0-vs-c4": [1.0, 1.0, 1.0, 1.0, 1.0], "shuttle-c2-vs-c4": [1.0, 1.0, 1.0, 1.0, 1.0], "vehicle0": [0.9115384615384615, 0.9719961240310078, 0.9633720930232557, 0.8922480620155038, 0.967948717948718], "vehicle1": [0.7581168831168832, 0.7375454545454546, 0.7961424880029532, 0.6217238833517903, 0.7538759689922481], "vehicle2": [0.950036075036075, 0.9539090909090908, 0.9499090909090908, 0.9404761904761905, 0.9761904761904762], "vehicle3": [0.6888848196301044, 0.7226836471022517, 0.6990063742032246, 0.6711661042369704, 0.7588113985751781], "vowel0": [0.9944444444444445, 0.925, 0.9888888888888888, 0.9110800744878957, 0.9916201117318435], "wisconsin": [0.9575140449438201, 0.9614934456928838, 0.9150280898876404, 0.9556538369591202, 0.9886363636363636], "yeast-0-5-6-7-9_vs_4": [0.8722488038277513, 0.853125, 0.8510416666666667, 0.5763157894736842, 0.7078947368421052], "yeast-1-2-8-9_vs_7": [0.5615942028985508, 0.720108695652174, 0.698087431693989, 0.6475409836065573, 0.6448087431693988], "yeast-1-4-5-8_vs_7": [0.46616541353383456, 0.5494987468671679, 0.6328320802005012, 0.5568181818181819, 0.5340909090909092], "yeast-1_vs_7": [0.7926356589147286, 0.8042635658914729, 0.5426356589147288, 0.6317829457364341, 0.6254901960784313], "yeast-2_vs_4": [0.9273715415019763, 0.8338709677419355, 0.878494623655914, 0.9231182795698925, 0.9228260869565217], "yeast-2_vs_8": [0.739247311827957, 0.864247311827957, 0.7391304347826088, 0.8532608695652174, 0.5978260869565216], "yeast1": [0.7355340019839083, 0.6829879863330762, 0.7038741320401191, 0.7366086189793893, 0.7194312796208531], "yeast3": [0.9204545454545455, 0.8768939393939394, 0.9147727272727274, 0.844811320754717, 0.928503787878788], "yeast4": [0.7517482517482517, 0.7686411149825784, 0.6860627177700348, 0.7825783972125436, 0.7202797202797203], "yeast5": [0.9930555555555556, 0.984375, 0.9895833333333333, 0.986111111111111, 0.9305555555555556], "yeast6": [0.9182266009852217, 0.6273399014778325, 0.7770935960591132, 0.9793103448275863, 0.6987147800296589]}