{"autos": [0.7847519310754605, 0.935479797979798, 0.8413017129928895, 0.8464413875598086, 0.8719109601961894], "balance": [0.784272888173773, 0.7799480948838747, 0.8004795982423101, 0.8160576576576576, 0.8286523666523667], "contraceptive": [0.5725539167462274, 0.517562060698464, 0.4872361379293904, 0.45602413507986567, 0.5165070713329906], "dermatology": [0.9018411629522741, 0.9859803921568626, 0.9723001871157445, 0.9576103966795946, 0.9713494643072108], "ecoli": [0.8424298714701192, 0.8972669121922853, 0.8396976158170187, 0.8847516916952348, 0.8921128819180931], "glass": [0.7172093023255814, 0.7443947525342876, 0.7704822309473472, 0.5420366455250176, 0.6626117609988578], "hayes-roth": [0.9248971193415637, 0.8518518518518519, 0.8461538461538461, 0.8461538461538461, 0.7668997668997668], "lymphography": [0.7077777777777778, 0.7711111111111112, 0.9668282828282828, 0.8043364681295716, 0.7936507936507935], "new-thyroid": [0.8473721301138681, 0.9774415572602408, 0.9522870228046522, 0.9503625906476619, 0.9774415572602408], "pageblocks": [0.9333468614718614, 0.9494112993605379, 0.9288097469540768, 0.9541284403669725, 0.9107612199355319], "penbased": [0.9047246084470691, 0.9409039193653762, 0.8711833340725991, 0.913299456182898, 0.9039603058011597], "shuttle": [1.0, 0.9942845023890404, 0.9976941900366101, 0.9956339368442141, 0.9976943180706159], "thyroid": [0.9925725283871351, 0.9818887544648001, 0.9792045189843933, 0.9868301066217734, 0.9804128294399521], "wine": [0.944269005847953, 0.9444444444444444, 1.0, 0.9710808461315561, 0.8844897959183673], "yeast": [0.5667442901324544, 0.5551929979184616, 0.5567614037315014, 0.533114800348005, 0.5752002656269993]}