{"abalone19": [0.49939686369119424, 0.4987937273823884, 0.4993961352657005, 0.4993961352657005, 0.5], "abalone9-18": [0.9444444444444444, 0.7631792376317924, 0.5588768115942029, 0.6766304347826086, 0.7185725871857258], "ecoli-0-1-3-7_vs_2-6": [0.75, 0.7407407407407408, 0.5, 0.9909090909090909, 0.9909090909090909], "ecoli-0_vs_1": [0.9655172413793103, 0.9666666666666667, 0.9666666666666667, 1.0, 1.0], "ecoli1": [0.7644230769230769, 0.9001225490196079, 0.8333333333333333, 0.8044871794871794, 0.8044871794871794], "ecoli2": [0.7376395534290271, 0.7548701298701298, 0.8736842105263158, 0.7412280701754386, 0.9324561403508772], "ecoli3": [0.8489461358313818, 0.7142857142857143, 0.7059523809523809, 0.9119047619047619, 0.8785714285714286], "ecoli4": [0.859375, 0.625, 0.9841269841269842, 1.0, 0.8670634920634921], "glass-0-1-2-3_vs_4-5-6": [0.953125, 0.9, 0.9196969696969697, 0.9348484848484848, 0.91875], "glass-0-1-6_vs_2": [0.6107142857142857, 0.5821428571428571, 0.44285714285714284, 0.6666666666666666, 0.44285714285714284], "glass-0-1-6_vs_5": [0.9857142857142857, 0.7357142857142857, 0.9857142857142857, 0.7357142857142857, 1.0], "glass0": [0.8411330049261083, 0.8226600985221675, 0.8066502463054187, 0.6293103448275861, 0.8571428571428571], "glass1": [0.7384259259259259, 0.7773809523809524, 0.8154761904761904, 0.861904761904762, 0.725925925925926], "glass2": [0.5865384615384616, 0.6121794871794871, 0.6416666666666666, 0.5, 0.6025641025641025], "glass4": [0.6291666666666667, 0.6416666666666666, 1.0, 0.75, 0.9625], "glass5": [0.9634146341463415, 1.0, 1.0, 0.9878048780487805, 1.0], "glass6": [0.8333333333333333, 0.8198198198198198, 0.8896396396396397, 0.9031531531531533, 0.8729729729729729], "haberman": [0.657516339869281, 0.46944444444444444, 0.5138888888888888, 0.4201388888888889, 0.5361111111111111], "iris0": [1.0, 1.0, 1.0, 1.0, 1.0], "new-thyroid1": [1.0, 1.0, 0.9285714285714286, 0.9146825396825397, 0.8432539682539683], "new-thyroid2": [0.9146825396825397, 0.986111111111111, 0.9146825396825397, 0.9285714285714286, 0.9285714285714286], "page-blocks-1-3_vs_4": [1.0, 0.9110486891385767, 1.0, 1.0, 0.8943820224719101], "page-blocks0": [0.9150650341520129, 0.9288530010172941, 0.9109870526622055, 0.8910932499272622, 0.9233501049370836], "pima": [0.7555555555555556, 0.6585185185185186, 0.6955555555555556, 0.6519811320754718, 0.7135849056603774], "segment0": [0.9898989898989898, 0.9898989898989898, 0.9823232323232324, 0.991045066045066, 0.9760069044879172], "shuttle-c0-vs-c4": [1.0, 1.0, 1.0, 1.0, 1.0], "shuttle-c2-vs-c4": [1.0, 1.0, 1.0, 1.0, 1.0], "vehicle0": [0.9134615384615384, 0.958624031007752, 0.975, 0.9142441860465117, 0.9243589743589743], "vehicle1": [0.6762265512265513, 0.651909090909091, 0.7544296788482834, 0.6032668881506091, 0.6883536360280547], "vehicle2": [0.9085497835497836, 0.9619090909090908, 0.9198181818181819, 0.9333702473237356, 0.9569029162052418], "vehicle3": [0.6851309284013917, 0.684939091915836, 0.6471691038620173, 0.6431383577052869, 0.6789463817022872], "vowel0": [0.9972222222222222, 0.8611111111111112, 0.9416666666666667, 0.8611111111111112, 0.9110800744878957], "wisconsin": [0.9735486891385768, 0.9206460674157304, 0.9206460674157304, 0.9668897920153, 0.9782196969696969], "yeast-0-5-6-7-9_vs_4": [0.7622009569377991, 0.7635416666666667, 0.86875, 0.5736842105263158, 0.6236842105263158], "yeast-1-2-8-9_vs_7": [0.5778985507246376, 0.7391304347826088, 0.48633879781420764, 0.5778688524590164, 0.6639344262295082], "yeast-1-4-5-8_vs_7": [0.4774436090225564, 0.49624060150375937, 0.4849624060150376, 0.49242424242424243, 0.6590909090909091], "yeast-1_vs_7": [0.6434108527131783, 0.6550387596899224, 0.5833333333333334, 0.6492248062015504, 0.49411764705882355], "yeast-2_vs_4": [0.8127470355731224, 0.7446236559139785, 0.878494623655914, 0.8838709677419355, 0.9282608695652174], "yeast-2_vs_8": [0.75, 0.875, 0.75, 0.858695652173913, 0.6141304347826086], "yeast1": [0.6733164333737462, 0.6687975311363386, 0.674170616113744, 0.6802050038575995, 0.7090604962364092], "yeast3": [0.8257575757575757, 0.8314393939393939, 0.8390151515151516, 0.7798938679245283, 0.8636363636363636], "yeast4": [0.5891608391608392, 0.5343205574912893, 0.5982578397212543, 0.5930313588850175, 0.7842657342657343], "yeast5": [0.8854166666666666, 0.8836805555555556, 0.8315972222222222, 0.8819444444444444, 0.748263888888889], "yeast6": [0.7108374384236453, 0.7073891625615764, 0.8536945812807882, 0.7091133004926108, 0.7090954028670292]}