{"autos": [0.7560253267973857, 0.8013392857142858, 0.876375029178338, 0.8464413875598086, 0.8719109601961894], "balance": [0.7885692418081799, 0.7552663741523734, 0.818090354090354, 0.7996502372666878, 0.8428743028743029], "contraceptive": [0.5471950346144664, 0.5233375773319267, 0.4968766790520597, 0.4475926379470406, 0.5173259881052089], "dermatology": [0.9147053673058403, 0.9722222222222222, 0.9723001871157445, 0.9576103966795946, 0.9713494643072108], "ecoli": [0.8575770308123251, 0.8972669121922853, 0.8632100303252738, 0.9289461781999094, 0.8745046696342847], "glass": [0.7923588039867109, 0.7452363090772693, 0.7093823405901426, 0.6736434108527132, 0.7925801529249805], "hayes-roth": [0.8883803712178998, 0.8518518518518519, 0.7692307692307693, 0.8032657879205194, 0.7668997668997668], "lymphography": [0.7236453201970444, 0.7686868686868686, 0.8643097643097643, 0.8603786342123056, 0.7255172413793103], "new-thyroid": [0.908245243128964, 0.9323246717807222, 0.9532064834390415, 0.9503625906476619, 0.9774415572602408], "pageblocks": [0.940580041719938, 0.9558441558441558, 0.9454475173068138, 0.9533274344525684, 0.9206272562139294], "penbased": [0.91396733283424, 0.932021879184773, 0.8930779086085108, 0.9181118581452252, 0.8994280994594718], "shuttle": [1.0, 0.9965601141035322, 0.9961582522309116, 0.9956339368442141, 0.9976943180706159], "thyroid": [1.0, 0.9818887544648001, 0.968853648424544, 0.9792045189843933, 0.9798220973782771], "wine": [0.9722633744855966, 0.9722633744855966, 1.0, 0.9425882352941177, 0.8569354420534094], "yeast": [0.5883475955715423, 0.569214871741587, 0.5250441307670335, 0.5493715675778845, 0.5439811312826881]}