{
    "abalone19": [
        0.0,
        0.0,
        0.0,
        0.0,
        0.0
    ],
    "abalone9-18": [
        0.9,
        0.4,
        0.11764705882352941,
        0.375,
        0.4
    ],
    "ecoli-0-1-3-7_vs_2-6": [
        0.6666666666666666,
        0.5,
        0.0,
        0.6666666666666666,
        0.6666666666666666
    ],
    "ecoli-0_vs_1": [
        0.9824561403508771,
        0.9830508474576272,
        0.9830508474576272,
        0.9433962264150944,
        1.0
    ],
    "ecoli1": [
        0.6666666666666666,
        0.7428571428571429,
        0.8571428571428571,
        0.7333333333333333,
        0.6896551724137931
    ],
    "ecoli2": [
        0.631578947368421,
        0.6363636363636364,
        0.7619047619047619,
        0.6666666666666666,
        0.7619047619047619
    ],
    "ecoli3": [
        0.5555555555555556,
        0.3333333333333333,
        0.5555555555555556,
        0.6666666666666666,
        0.46153846153846156
    ],
    "ecoli4": [
        0.6666666666666666,
        0.3333333333333333,
        0.8,
        0.8,
        0.6
    ],
    "glass-0-1-2-3_vs_4-5-6": [
        0.88,
        0.9473684210526315,
        0.8571428571428571,
        0.8421052631578947,
        0.8421052631578947
    ],
    "glass-0-1-6_vs_2": [
        0.0,
        0.2857142857142857,
        0.0,
        0.4444444444444444,
        0.0
    ],
    "glass-0-1-6_vs_5": [
        0.5714285714285714,
        0.5,
        1.0,
        0.5,
        1.0
    ],
    "glass0": [
        0.75,
        0.6923076923076923,
        0.6428571428571429,
        0.7741935483870968,
        0.6206896551724138
    ],
    "glass1": [
        0.6451612903225806,
        0.6206896551724138,
        0.6923076923076923,
        0.6666666666666666,
        0.5714285714285714
    ],
    "glass2": [
        0.0,
        0.6666666666666666,
        0.0,
        0.2222222222222222,
        0.25
    ],
    "glass4": [
        0.2857142857142857,
        0.5,
        1.0,
        0.6666666666666666,
        0.5714285714285714
    ],
    "glass5": [
        1.0,
        0.0,
        1.0,
        0.8,
        1.0
    ],
    "glass6": [
        0.7272727272727273,
        0.7272727272727273,
        0.7142857142857143,
        0.6,
        0.6666666666666666
    ],
    "haberman": [
        0.36363636363636365,
        0.35294117647058826,
        0.375,
        0.13793103448275862,
        0.35714285714285715
    ],
    "iris0": [
        1.0,
        1.0,
        1.0,
        1.0,
        1.0
    ],
    "new-thyroid1": [
        1.0,
        0.9333333333333333,
        1.0,
        0.7272727272727273,
        0.9230769230769231
    ],
    "new-thyroid2": [
        0.8571428571428571,
        1.0,
        0.8571428571428571,
        0.7692307692307693,
        0.8571428571428571
    ],
    "page-blocks-1-3_vs_4": [
        1.0,
        0.8571428571428571,
        1.0,
        1.0,
        0.8333333333333334
    ],
    "page-blocks0": [
        0.8193832599118943,
        0.8256880733944955,
        0.8454545454545455,
        0.8141592920353983,
        0.8820960698689956
    ],
    "pima": [
        0.5384615384615384,
        0.576271186440678,
        0.5961538461538461,
        0.5052631578947369,
        0.660377358490566
    ],
    "segment0": [
        0.9774436090225563,
        0.9774436090225563,
        0.9770992366412213,
        0.9770992366412213,
        0.9692307692307692
    ],
    "shuttle-c0-vs-c4": [
        1.0,
        1.0,
        1.0,
        1.0,
        1.0
    ],
    "shuttle-c2-vs-c4": [
        1.0,
        1.0,
        1.0,
        1.0,
        1.0
    ],
    "vehicle0": [
        0.8863636363636364,
        0.9382716049382716,
        0.925,
        0.8717948717948718,
        0.8378378378378378
    ],
    "vehicle1": [
        0.5227272727272727,
        0.5111111111111111,
        0.4878048780487805,
        0.5365853658536586,
        0.4878048780487805
    ],
    "vehicle2": [
        0.9069767441860465,
        0.898876404494382,
        0.9090909090909091,
        0.9347826086956522,
        0.9010989010989011
    ],
    "vehicle3": [
        0.4888888888888889,
        0.42857142857142855,
        0.4731182795698925,
        0.4827586206896552,
        0.4
    ],
    "vowel0": [
        0.9142857142857143,
        0.9411764705882353,
        0.972972972972973,
        0.8,
        0.918918918918919
    ],
    "wisconsin": [
        0.8913043478260869,
        0.8695652173913043,
        0.9052631578947369,
        0.9263157894736842,
        0.9690721649484536
    ],
    "yeast-0-5-6-7-9_vs_4": [
        0.5217391304347826,
        0.47619047619047616,
        0.5185185185185185,
        0.14285714285714285,
        0.1
    ],
    "yeast-1-2-8-9_vs_7": [
        0.16666666666666666,
        0.3333333333333333,
        0.13333333333333333,
        0.2,
        0.2857142857142857
    ],
    "yeast-1-4-5-8_vs_7": [
        0.11764705882352941,
        0.18181818181818182,
        0.23529411764705882,
        0.0,
        0.0
    ],
    "yeast-1_vs_7": [
        0.3076923076923077,
        0.26666666666666666,
        0.4,
        0.3076923076923077,
        0.35294117647058826
    ],
    "yeast-2_vs_4": [
        0.8,
        0.5263157894736842,
        0.6666666666666666,
        0.782608695652174,
        0.8
    ],
    "yeast-2_vs_8": [
        0.5,
        0.3333333333333333,
        0.5714285714285714,
        0.6,
        0.25
    ],
    "yeast1": [
        0.5375,
        0.5317919075144508,
        0.5,
        0.5536723163841808,
        0.49696969696969695
    ],
    "yeast3": [
        0.7575757575757576,
        0.6956521739130435,
        0.6461538461538462,
        0.5862068965517241,
        0.7076923076923077
    ],
    "yeast4": [
        0.2222222222222222,
        0.24,
        0.3157894736842105,
        0.2,
        0.3333333333333333
    ],
    "yeast5": [
        0.7368421052631579,
        0.7058823529411765,
        0.6666666666666666,
        0.6666666666666666,
        0.5714285714285714
    ],
    "yeast6": [
        0.5,
        0.2857142857142857,
        0.6666666666666666,
        0.3157894736842105,
        0.375
    ]
}